"";"gene_134";"gene_1554";"gene_3849";"gene_4247";"gene_6723";"gene_6926";"gene_7234";"gene_11250";"gene_11388";"gene_14396";"gene_5752";"gene_7395";"gene_7489";"gene_9467";"gene_10266";"gene_11353";"gene_11355";"gene_12977";"gene_15453";"gene_18383"
"311";3,34468649247;11,0842370418;9,98747720248;6,10850145711;1,0773797408;3,66186358828;9,14911199071;12,5418831054;12,5818149149;9,04000197537;5,04079601403;5,29650880017;6,7932196233;9,81106637181;3,13279068127;6,5627491868;4,22981861246;2,28856527953;6,77506371431;6,51100304816
"247";12,8019528285;3,41543418587;5,64828998499;0;9,27953397574;6,74096802427;0,488412175996;0;0;2,54468320538;3,35990062915;1,93368593447;11,8876280774;0,488412175996;13,0075687017;0;1,77289912229;10,1139635012;1,14319747578;5,31028558222
"24";2,27244130094;3,92373869147;0,820730400605;0,820730400605;8,03719550304;8,87641257762;3,81011401256;3,55188510347;13,6659909332;11,2887334462;9,15375974457;1,72198504596;0;7,8958176045;0;0,467905469061;9,39370792268;0,820730400605;11,6384223377;1,10393399106
"438";2,03927879535;12,5526066626;5,54286162635;5,05054523013;5,09498762967;2,74467778932;5,22064725098;4,60455174654;5,33623696376;3,36894989658;9,46569903687;0;0;5,75160029297;4,47602518248;2,85215868366;10,6342574572;1,35343621786;7,07412004968;4,8576725239
"772";0,69964046569;8,75144698354;6,96072020378;0,391767719956;10,2461111374;9,03501624442;0;3,08552663392;0;2,79254304691;10,162554976;1,52215621189;2,97537339086;12,652136893;3,45743669777;0;11,5676946939;0;10,8038566571;10,1170716238
"644";10,6737154113;3,93828579188;0;0;8,15621456923;8,27461110901;0;0;0;1,11229979188;2,7675488696;1,35004456586;11,6916301227;0,827493873604;13,6759680559;0,472279800432;1,11229979188;10,345571574;2,39514508016;1,11229979188
"407";3,30547446371;9,47834898273;8,94996090871;0;0;0;1,60914031502;4,59942492054;0;0;9,3238046317;2,14336076339;11,6629131056;6,99393471166;4,17708062681;0;10,3280577796;2,35092150677;7,28066871092;3,87495430647
"503";4,93134739761;11,1357092861;6,3439265307;8,33438950083;1,95058039131;3,85469387827;6,38407571703;8,63503605676;7,78640686504;10,0314393093;6,15381749357;5,61031618994;2,62236815242;6,66637314757;2,97760964469;5,02319324232;13,2691778273;5,33109608376;9,87558810454;1,95058039131
"621";6,70967662633;10,827064778;8,76238868323;8,76076318609;2,14502524224;5,69643067428;12,5830733627;13,4511467044;7,58644951337;8,39005714838;6,9568349586;6,29921901031;7,64753757464;10,0164183174;1,56364626948;0;3,36331127391;1,97599695762;6,65471478392;8,51294979146
"550";10,8169516341;13,8083307458;4,46287685434;4,88842180255;6,137665408;2,39952659571;0;0,410232545598;0,729356990033;5,02586598815;6,8839262326;3,30474465772;4,27955301138;9,52973897289;3,20534559023;0,990446651888;4,58654258844;1,86060530676;6,78842470744;10,8658337767
"505";13,1554238505;2,05297227481;0,478920048229;1,36446037396;10,3362052695;7,40852505932;0,837862529421;1,56973411311;0,837862529421;1,36446037396;2,05297227481;1,56973411311;13,1865243896;3,5397667867;13,6330519772;0,478920048229;3,14958455316;10,2081002046;0,478920048229;1,36446037396
"721";9,30466390025;7,26945399583;4,36574851962;0;7,26089131441;8,21911526564;0;0,542208514323;0;3,13018956894;10,4045774677;7,72632716641;7,03864468659;11,2982573585;8,70725903733;0,542208514323;6,41612699881;0;2,47560374468;11,2790475532
"770";2,9184625655;7,65954642916;6,16194611437;0;1,35727047568;0,392207498969;9,96316774995;0;1,52326084045;11,0615129573;3,88222240576;3,33051537667;0,700262144747;3,78748470485;14,013331398;0;4,92437547299;3,61429758664;2,97689515352;0
"462";9,11037629455;3,95056172905;5,80158550234;6,0121395554;6,99597061164;10,6674043103;0;5,00509003553;0,907967405947;3,41152115675;5,04393500698;12,0257313335;3,52570558751;14,4475482034;0;1,67405381929;12,7727125181;0,524264314821;14,9900995308;10,873528703
"3";3,12736914662;12,4745374437;10,1440718695;14,2960558381;1,50716034912;2,43879850476;8,82147106392;7,79981909126;11,3023818887;0;2,10982856531;4,64108933458;1,50716034912;9,80687662802;0,796597754048;2,22801825364;1,8397580797;0,796597754048;7,84907351667;3,97634530404
"458";5,29893685784;5,25858299282;6,98413359454;0,44572670335;1,66525631802;3,84724530714;10,5682696707;1,82117956482;9,41712043564;10,3314656251;4,98942969748;1,66525631802;0;5,31213873196;9,21052524069;0;10,4354306599;6,85023685437;7,71818350464;4,19959382868
"411";4,50561785861;5,05658786338;5,17850351905;1,74312715259;3,00771578265;1,46503412153;0;1,46503412153;1,12021921162;1,12021921162;8,6756148373;1,97621697567;0;12,6748962269;0;0;11,6854364975;0;13,6035104426;4,68090379425
"698";6,92519242264;4,64998327067;2,93545974781;0;6,58764552104;9,15059013856;0;8,49226180203;2,85487336881;1,41278152534;11,3156024566;6,0856795869;8,49724909155;10,1031828813;5,24758198457;0,872868149988;13,9675234868;0;11,3186557806;12,1725962716
"240";12,7258306065;6,72786601221;1,04872444274;0,34164424053;9,35951018923;6,24424584567;0,34164424053;0;0;0,34164424053;3,64248208992;2,07244885007;9,16910573887;2,32409051604;12,6708553804;1,52115126964;3,25539498199;11,1034910829;3,54678336038;3,12892023658
"360";3,91149026154;8,68660557397;5,85079442348;3,98443440954;3,93621390101;2,6329428667;8,81298267902;3,22105731084;3,93621390101;11,4019407925;6,32344753437;3,2607483284;0,832201405903;6,72926724846;11,9337975992;0;11,0585938478;0,604356038015;4,18345475417;5,74979167728
"532";10,8779129225;1,34363522428;3,35433931338;0;10,1509784726;9,5885928445;3,20194745644;0;3,94049566625;3,49217365961;11,9115193229;13,246715366;2,73094422109;11,9937911005;0;12,4640632398;9,58185397856;3,73367972385;8,62646469028;11,7340151985
"7";12,0524118183;6,12221714617;3,60238561311;0;4,16523664786;3,80003013908;0;0;0;0,531867995606;6,14056804292;0;9,84036566612;6,88574517404;6,00692856018;0;4,26896579916;11,2178002163;2,44845169044;6,36784629387
"233";11,9299499966;0,488515008958;0;0,488515008958;10,8679119037;13,3225478698;12,3733708939;0,488515008958;0,852797892819;0;11,6284546538;14,1107361345;4,80734461706;16,0443663684;0;16,0025865005;16,8294254459;2,64126856105;14,2279317616;12,3993233252
"658";7,89310733802;10,1107181936;11,2357569721;5,66421828409;2,3060580428;4,89088925881;12,1820777204;16,5267009578;11,5432397003;4,57789404106;3,99928749341;6,25713511319;4,90362159502;7,69492893167;2,705624094;9,84464927932;3,55873294451;2,76264646704;11,9866740211;6,38067923863
"28";0;14,1491913971;4,5602258224;7,01447804182;10,4467214736;1,14424219728;7,30685461189;5,32670271937;5,46489367049;6,99178258468;4,63240200763;4,60874420168;1,38609355837;1,14424219728;13,0900975294;16,8518100307;12,0105490853;0,488926267524;13,0087524918;1,7742494073
"314";12,6732582755;8,67485960304;0;0;8,51245604314;8,99776378114;10,6223447227;17,1711963484;5,15259312521;0;11,4404176061;10,5920271548;9,48910133813;10,4712382758;8,27494649924;8,59705436846;16,1448613465;0;15,5472982326;3,62348062475
"315";4,84116301041;6,27435299177;0;0;3,47242278374;3,29015896131;0;0;0,525166845373;1,67604168738;9,42116227379;0,525166845373;0,909350696456;9,50026827186;0,909350696456;0;6,39969577018;0,525166845373;3,73281187208;8,44614868554
"777";8,64917712357;5,82610353475;3,78019459482;0;5,63130512786;6,388921378;2,88154716311;9,57843873867;0,844947997598;7,17304745926;8,82915822968;4,49164789844;8,06458110919;12,8412852162;8,11102087619;2,88154716311;12,3955180697;0;8,6605735681;9,41306089345
"735";4,58288713457;4,47092725748;7,7431581278;0;4,76798842261;2,09788043405;2,73699444778;0,922045577032;6,20503664395;4,75210629933;4,34954220638;1,62657931078;0,674912552908;8,72155722295;3,93698649912;0,376623787423;12,3461563393;0,674912552908;5,40793732531;0
"701";4,71184727767;3,8212714221;0,773996325111;0,438292851579;4,7879756715;10,5817184278;0;0;0;1,47253975954;5,02665401227;3,01799315044;12,7688583625;2,18592995908;11,6846039931;0,773996325111;3,58563560136;9,8102149333;1,04621164412;4,20131235526
"37";13,5422459563;6,59947252992;7,26014800878;0,454702328164;6,98429312546;3,87873514903;2,23431736982;0;0;1,31161936341;7,64905494076;1,84551012308;10,0285277139;4,91995021436;9,73430994512;0;8,88817092723;11,5748583913;1,07833657112;7,91133805431
"388";12,2708413445;7,28484722942;0;0;10,2162850921;5,77852925649;2,95168103734;0;2,45706891128;3,99730144139;10,7782742953;14,3323303179;3,42364539658;9,71179601028;0;6,66247612204;6,57457687712;0;8,9686667932;11,545456835
"519";4,4563790588;7,34973680299;1,68059441488;3,44960099041;7,64824971293;11,6183946797;0;6,42486835555;1,07231164002;3,29609026268;6,49710295772;2,70356586717;5,30737387662;7,97349073979;5,59756394883;2,92920395512;14,5137769349;0;13,1503042148;12,527836169
"800";7,80126861342;12,3981878801;10,3684082414;2,16266121086;1,3163195505;5,12020261967;7,92438497507;14,2137497633;10,5798438862;5,82370860564;4,60574321639;5,66326206342;5,96808153352;10,5495536643;1,80070321419;4,0786696042;6,64179743841;2,89878879711;6,7456272697;4,03561511278
"27";12,6473729775;4,47014636704;0;0,972325041557;10,7506902398;8,57724753559;1,76765479824;0;4,15663931069;0,566571640627;12,4750139303;13,8306241378;3,8060146543;11,8717166126;0;11,7740457587;3,90197707474;2,27738969881;11,7125184027;12,2997489276
"586";11,8180029062;3,33200610482;0,763581543254;0;10,1490611683;9,71900370859;0;0;3,93572374627;0,763581543254;13,0012885513;14,5445358578;1,78320518233;13,647851876;0,763581543254;13,0377150984;11,9270964462;0;13,2117772903;12,4111269597
"292";12,249190505;1,6891649501;1,98779380317;0;9,22300978203;8,41991805475;0;0,800413312639;0;0,800413312639;1,84619240971;2,23505303211;12,3176443761;3,13527217948;14,0300463404;3,07306613384;2,54106872943;10,8426410533;4,05075416875;4,51577551866
"312";3,39037878749;6,30989284491;7,10943369533;1,90842865017;1,90842865017;1,33913738492;6,76028748991;7,96802161165;6,10709150465;7,43183186127;4,4467723312;3,54965685048;3,99944986764;3,51145538844;8,77265437973;5,47416668908;5,67760971783;8,76658522395;3,06072186755;3,91417222549
"515";2,18262874127;12,3631902455;4,8295248662;3,34262585448;0,914564523494;0,372952097912;7,5502157759;0,914564523494;4,84441578416;11,1665648217;3,94993640393;1,74841829501;0,372952097912;1,46983389248;12,8488967448;0,372952097912;5,17405481066;2,35890257932;7,36900400728;1,46983389248
"65";4,07652489143;12,3319414102;9,39913263284;11,1612074807;0;4,38124875848;11,609054044;13,3836502984;11,3271652537;9,89677891931;4,90001663509;5,91930194063;7,4911796815;10,2614367888;0;7,51413804449;3,91341603329;2,75947545018;6,66220549965;5,8932724036
"724";5,43191374243;5,46701204837;6,92879667234;3,30144132123;2,88332755578;0,437653878346;5,94474836585;4,90964831474;1,27345621132;8,63747983442;7,86044142706;8,7988476143;0;6,2231637993;4,19877700729;0;9,09089311672;7,32607888311;8,72344593185;9,0451753676
"301";1,75672443257;12,4517133914;7,23417555844;3,08370694937;3,61080634715;1,23854231428;11,7486876427;3,79871414703;9,60366714041;11,9575410243;8,95390832437;4,78202057877;4,48632822991;7,92488374605;10,794675788;1,23854231428;11,6780102652;4,46428271274;12,7359515474;0,422125332857
"553";10,4081492599;3,68704948725;0,526068811668;0;6,26076338022;4,90879849993;0;0,910732661903;0,526068811668;3,35612972134;2,43295940728;1,21412480535;10,8163597067;2,0285691522;11,4127444838;0;4,11101461443;9,60613126897;2,17632277264;2,43295940728
"689";1,57715083697;2,95324661146;12,0503758534;0;3,97086285517;4,56164384879;0;0;1,37128005402;2,31254900986;4,29628118958;3,39536447226;0;7,47536055148;5,78028909896;0,48212546408;11,8804291682;1,37128005402;5,15047844146;0,842777745295
"504";11,668410802;0;0;0;11,3011131783;11,3592663852;1,18656394356;0,51136682948;2,39327889902;0;11,3153930107;13,2708836742;0;15,7134643831;0;13,4560848473;11,2977072933;0,888071052102;13,2791796233;12,0674141925
"596";12,2656765736;0,437121184384;1,04376444231;0;8,19093085956;7,19760005005;0,437121184384;1,27226212497;0;3,01383740107;2,88154716311;1,04376444231;15,0537265302;0,772054551933;13,7106450253;0;2,48545258935;10,8910925627;1,04376444231;2,48545258935
"230";7,6738743811;5,41503862638;3,11973796755;1,83353781595;7,71406688722;5,9959480063;0;4,03426854744;0,714575238852;4,42712340594;10,2043877392;5,82703650597;5,32562386986;13,9059886293;6,88640382195;0;15,5432614535;0;10,5085574022;9,32792758379
"493";13,8927420178;0;0;0,550605201963;8,13309082431;6,62327576009;0;0;0;1,92147441623;5,16395352817;3,07637096474;12,0074373041;1,73265994434;13,4131651135;0;1,51535922745;10,5883117489;4,14800670824;2,49743353443
"385";3,17375108034;11,5119354494;11,7347731177;12,9287459759;0,416083074208;1,73997768027;5,57912281096;13,2916743457;13,5994828513;5,11965912779;4,74111098782;3,87848013114;5,59916304088;9,46918594312;3,06269162969;2,41854079463;3,54825165194;1,58784500925;6,39657224526;3,41894551173
"757";3,12414613218;14,337621902;7,50986999347;0,846794159473;10,1936239187;0;12,9680745476;1,37684601402;1,37684601402;10,2141369508;4,12948910152;0,615698781689;0,340505300674;0;13,6954893104;3,20965610852;4,06212171191;6,88404838102;10,2618363589;0,615698781689
"759";4,25313458681;3,82528700776;7,19651852524;5,3272885562;3,09230893746;1,0903792274;4,43986910607;5,0606137984;8,22827517299;8,39564980348;6,92431370799;4,71264530002;6,00541121665;8,08562648007;11,8371508978;3,09230893746;6,59976559054;6,11916109289;7,36081197634;3,97092725935
"288";2,02201264438;8,83832467333;4,73364176626;3,56735073882;4,02746372341;1,80937328259;5,13886360618;8,46382677623;3,56735073882;9,96079403806;5,66729892055;3,87160712174;2,02201264438;7,23588020405;10,8525607193;0,638398262236;3,46198685928;2,65262416104;9,62373703043;9,58452849983
"517";7,60255783584;12,3844680923;12,8261651212;0;7,43158117577;5,90143170263;4,73084099545;0;0,511872807474;2,13986236802;5,7498265313;3,11538288428;8,8404978531;7,1451169775;10,2555833458;1,18757773958;2,70854041575;8,760583571;0,888928291585;7,69441360883
"650";15,3761525278;5,95173697997;0,893517539687;0;6,365944441;7,5244398511;0;0;0;0,514803985572;4,28094147121;0;10,4729953873;6,93498820178;10,6862553883;0;2,00064906674;8,08302716771;1,19314091914;0,893517539687
"422";3,80758161347;8,30446084595;6,2106226444;3,52676995135;7,54014354093;2,41524487179;6,54309060985;5,67670182157;5,62333722254;8,04177412465;5,62333722254;8,87749273782;0,695281195145;4,61634593329;8,40010666189;1,16240341411;8,18062528493;5,79403889678;9,15638903175;2,03414526952
"426";7,45416766611;12,2722886062;9,44798411255;11,6974845442;2,45607016078;4,38348311987;9,28112792051;15,7444764824;11,0887352462;5,31404752942;5,39319651187;7,42755589211;10,3043056841;6,24183065199;5,8512693124;3,94702086696;2,07214010911;1,83353781595;4,97492847631;6,79358380229
"672";3,82665017146;9,28442159288;7,54537381426;1,73439530876;0;0,828469106882;12,6173274133;0;3,86556254957;8,74563735289;5,27150411378;6,00511474431;2,03674947643;3,47057590908;11,1774008501;0;4,75430496324;7,26156842411;8,75602918388;5,44852767818
"82";11,0568002631;11,6975497013;10,452086768;6,69394687391;0,690640578616;3,73111805809;9,64344496309;15,2061673121;12,2090542542;6,93016960815;4,45120451664;4,4101307641;4,89997314688;9,89673200385;5,14495184982;5,82962380403;5,09399531903;4,45120451664;4,64066141362;5,82962380403
"559";4,7548287245;2,83135031814;1,71984055506;0;5,59722424858;7,05840308933;0;2,6673698909;0;3,11214963541;9,13315505914;4,62671947125;5,80880719086;11,4741216566;6,18743521755;0;7,78437965244;0;6,5114569698;11,588157123
"167";10,554051578;1,97232504156;0;0;10,8811063112;11,0854923766;3,96531331213;3,96531331213;2,14120387736;1,29983076182;10,8728826134;12,6529726593;7,35121311294;14,2879576169;0;16,3387555302;16,2687375287;0;13,1721211847;12,2823674043
"546";4,53989703386;9,83961007948;8,22103120201;13,4412194198;4,61600474408;3,02513513173;13,915702018;7,46070161478;7,76366386469;10,2194347651;6,83276345642;6,51266462304;4,66460230149;6,4722846751;11,3580797233;2,5946440891;6,6027092561;2,94871296969;12,4294250497;2,37862259553
"675";10,5344390711;12,1130747001;9,90805930621;11,655262373;0,843099470232;2,52687008636;11,2657498167;15,9039924343;11,0711740629;8,87947910226;3,69018240103;5,05674391523;6,38932760466;9,5341238721;3,1166974432;4,1858903258;3,0720028697;1,64015815496;5,42876549422;5,04522889221
"119";3,56891983107;11,7925015638;2,04781754802;3,25827770161;1,97298667653;1,1724235081;4,9873663474;0;0;12,1229412063;7,00542244546;1,52651958344;0;5,08830699516;8,73214028476;2,86187598397;15,0298134731;0,273814244587;9,9617940479;8,23211868509
"336";3,10579539266;12,8645866227;9,94830444086;0,626205482953;3,81183063191;0,626205482953;8,85473439024;9,66703523515;7,13062204075;7,85446325002;3,27734506028;3,35601700528;4,5744709167;5,47502974292;1,39528220413;9,57956108061;1,0614306005;3,50157926767;1,39528220413;5,60958064175
"6";2,00201836053;12,5729086112;10,325890061;8,84007921943;0;2,40427643798;5,7727064982;10,0343312831;10,3983696114;9,0660730408;6,01226919828;3,05298965825;1,19415010559;4,31413093635;2,14893410453;1,19415010559;1,65388548872;4,43360713879;1,19415010559;4,99614466085
"695";3,04804432515;10,1942890106;7,62435682451;5,70672393033;0,41196851036;0,993855479702;4,18474048676;4,72509763426;4,2613277104;9,66657908404;5,66033824667;1,40735275114;0;5,72486851469;9,46948716181;2,92787749572;9,50272839562;5,47979642859;2,31208426151;5,60263206344
"329";8,41342483742;8,00327615435;4,6441389303;5,08024406559;2,38852020299;1,93512025021;7,44275278218;3,29650145846;0,770617646656;6,66688438401;5,78165084624;2,28782686729;2,80760222001;7,36764189504;12,0985025933;5,97217337413;10,3887599744;5,7630157883;10,6980274307;6,36094713682
"267";9,22032028012;5,03691647791;0;3,05210283571;6,98859380548;5,30234098735;6,7157423957;5,73838955256;1,57980769019;2,31576908599;5,66486678736;13,8599908948;10,1808912807;6,93487029119;7,62895581579;0;8,33364734844;0,733874918575;5,22771027502;4,02250985601
"114";7,65770430773;11,4612440949;9,84352068319;4,13559232689;1,00331438851;5,02885200585;10,0311222168;13,6465362101;11,1548434193;6,33752200249;5,02885200585;7,31952761843;8,11779891962;9,76156785326;3,17587585098;6,6065325418;5,82674930663;2,81309366338;9,19650131261;6,88314423769
"796";8,74200958039;7,93192529793;3,85909492253;1,02807402483;9,8032108887;11,0793714438;0;3,99067355281;1,25447310795;5,74574557474;8,89051965249;11,8986316164;6,61984874669;8,69695362067;6,21138022073;2,36661596951;9,72800041304;0;10,088549757;11,9676441619
"699";12,1657298324;4,50865682878;0;0;6,8034078787;6,16830707387;0;0,807767061766;0;3,93157905826;4,27698046056;0,459641449929;9,31605068207;0,807767061766;11,7984637006;0;3,08826034628;9,08935778548;2,72868243182;0
"737";10,1924037867;5,38437451482;0;0,794603014649;6,62497379447;7,07354177656;0;0;0;0,794603014649;4,71935322376;10,2121923719;10,3313200595;1,83632813392;10,0764682398;0,794603014649;2,99611753768;9,04557129344;0,45132982014;1,67978408907
"451";3,14875517973;8,42880819709;10,7207230817;1,56910217295;5,6300734177;3,94731081549;9,71258374418;14,7412826349;11,3276536853;9,30636022576;4,00737492993;7,20192785873;3,88464675886;8,51925095858;3,14875517973;4,22534434787;4,06502938941;2,64290947127;11,7836489943;3,14875517973
"581";4,75160297072;5,88869454951;5,51083852561;0,541118304025;5,24260631653;5,87757003646;0;3,04980499574;1,71162705587;3,33646906934;11,0500050598;3,57549386646;4,19317246691;10,325721449;10,7136184961;0,541118304025;8,90332755161;2,96825667548;10,156576113;5,51083852561
"547";1,60454581637;14,0292440835;0;6,29566058476;0,327802315377;1,33953649435;4,88623309025;3,3839668909;6,07320541484;7,19395896626;7,78400005096;1,18624698615;0;3,07013168077;8,6309441681;0;0,327802315377;0;8,94357561015;0
"283";1,80698389563;10,6576667983;4,45891346693;2,32149522144;0,999711432134;1,9996032043;14,0651299909;6,38317031011;0;8,45684310304;8,13901407868;4,69991803409;0,999711432134;5,727389554;10,1492009256;0;8,38316426064;8,67011801463;7,59937730959;4,93021219561
"406";9,11354163313;6,10766276419;7,89516930162;5,29596908443;2,27163483378;1,18662732668;8,51695672155;4,60235591745;5,79593574403;5,82870012026;8,44877295913;4,79704930423;2,68344943479;5,51310538591;9,80727602252;0,399553938384;5,28420317408;6,3010315312;6,95971220518;7,44762878421
"52";12,5213108902;5,74978899616;1,15581398414;2,22786427255;8,59252431163;9,02374880979;0;10,1811149774;3,06502076995;2,56376827845;10,2276640726;13,3502762291;10,1219219826;10,8208171819;8,65978187976;0;9,60665134749;0;12,8463209294;11,1789635662
"261";12,578075441;5,08698327761;4,40511422616;0;10,0513041203;7,44961089419;1,7915223777;0,577634265267;5,50185628805;3,06789680955;10,8283983358;14,0323298975;3,06789680955;10,9572471746;0,577634265267;14,0048963518;13,6824130885;0,577634265267;11,553355703;12,1011287087
"325";2,3954467357;6,80472476004;2,06901467792;1,47279967181;7,5853456657;3,35515725567;11,8456194173;3,35515725567;5,7714155171;13,1194988416;10,3176500284;3,01833150399;0;3,89233273403;12,3011560584;0;9,66295136875;0,438399319609;5,61295103993;4,3345754262
"92";4,08076850445;9,92163269802;8,50373035005;9,89987499157;0;2,50657655492;6,37413529096;12,0651602911;12,1413120793;7,38575025855;4,36929198168;1,92963952572;3,71974200696;5,62153323485;3,7701313105;3,61336662934;0,554146766747;4,4641650655;4,26773803086;3,66754020547
"236";7,30393596651;10,8767394728;8,95684366861;3,34472909529;1,56691254786;2,48018755572;6,94269043303;14,10175413;13,3537119909;6,62177643615;5,25895227114;5,48651487866;6,63608078877;11,8986542878;2,56237676417;6,51229958842;4,4975995927;0,726133673182;7,13290581201;2,48018755572
"525";3,29270814046;2,05057134912;0;0;6,15777134363;5,20267238453;0;0,703543719734;0;2,59175121484;4,44239284508;1,8131552464;3,95012309652;0,703543719734;10,4744664641;0;1,52887132824;11,3011017434;1,17447033803;1,52887132824
"483";14,4463790171;6,31137050873;0;0;10,9562381979;9,85768714046;0;0;1,08420036167;2,72272830882;2,24309018093;3,73580375696;12,0307878155;1,31828791483;13,3828131315;0;3,69479106603;9,82776663707;1,99541215618;0,804714436231
"209";3,95732960368;6,15474318821;12,3865765628;4,78895188521;6,03549854816;6,24965012553;2,21207123517;7,56324204106;9,77387273369;5,47900738676;4,94835788616;3,41806848114;0;7,43784360306;4,37726259664;1,59387959546;3,11613183048;4,19847058;10,3820511575;7,62944405349
"287";2,07673010148;5,6415980484;8,10106171841;3,89139002156;1,96225286526;0;7,87644327515;3,57809337215;6,57445275127;9,83111877846;4,96598278584;4,06787960481;0,716947009478;4,06787960481;11,9565975907;0;10,2885892716;7,23517177576;6,42575133233;2,37409354772
"69";12,2853964388;4,95769177138;5,47926290247;0,460375619207;8,12707090698;8,0636161877;2,13208324797;0;0;0,460375619207;3,02554268522;2,13208324797;11,9503335343;1,08936255283;14,0024546484;0;1,32411932644;9,88242448896;2,95733889116;3,86134005349
"410";4,17666585069;14,6291858364;4,42633856512;5,57582662273;3,41698832645;0,65030502892;8,38062989274;6,04265090306;0,361431504133;12,675328583;4,60576099207;2,68032435684;0;6,85485591932;11,3623986552;0;9,63763560271;4,90897138418;6,66146458923;11,1521390441
"244";6,73706477604;9,37610584926;8,40984913121;12,5438897366;2,82032194811;4,16111373893;13,2615029018;9,65483290896;7,27375830775;6,52275413434;5,81852593844;3,20612743708;6,38001422582;4,5290400561;6,04358948323;2,41437911946;4,55585295804;2,41437911946;5,51121816472;3,66600664997
"246";9,99426856995;2,90563971778;2,55338508055;1,05817793479;6,39803050374;4,69442335989;7,09044062854;8,3424880776;0,623960479519;3,42496238639;10,5713355097;7,66419836929;8,97333288015;8,75400558569;9,17317491608;2,25939302049;9,36059472762;0;11,7782250064;11,6848055909
"144";9,1202508395;1,08814159687;0,459746354131;0;6,81347338344;9,09868220229;0;0;0;0,459746354131;1,85893584269;0;10,2554535238;6,44216555744;6,09140364933;0;1,85893584269;6,2704205493;0,459746354131;2,00097349064
"409";10,5590902439;3,60201734379;3,16990897141;0,893051502737;6,63349950715;10,0320319475;0;9,57606479883;2,23701296624;4,62725662693;10,7353021549;12,9991544231;4,89999247514;13,0618150046;7,58602159105;3,53247905079;15,0585879293;0;15,0989285525;11,6317454711
"324";1,19635524288;5,65857996571;5,43991895944;1,8412888335;3,60812320818;0;7,60863924298;4,95060838424;3,86415642359;11,1294633426;2,57320484467;2,22023707453;2,28537262481;7,52679655039;13,115882485;5,48915112498;12,0077666514;4,33338079573;9,47495919305;4,50732529163
"268";2,97854344569;5,48988327493;5,7246311739;8,98005387044;2,77044850485;4,75166187995;0;3,83131991286;6,22079233265;1,04180368766;8,26697857498;10,1809907057;1,64038956005;11,4592881617;1,04180368766;0,612965779194;9,85377582147;0;13,9254060831;8,2570247659
"90";5,00215791947;5,28801150578;7,5689061545;0;4,31110344172;1,07649068692;0,798423845478;1,07649068692;2,44238620945;5,11416709955;9,49536338775;4,68730709036;3,76202983527;9,00363034378;9,464749939;0;11,251198341;0;9,82367453639;1,30946725881
"765";11,5925224429;3,03010650031;3,78672180818;0;9,20421898587;7,92295301957;0;0;1,8319582892;1,60795756475;2,19670145822;3,20050435345;13,2437273866;3,3528856167;12,2516983845;0;0;9,5994107862;0;1,60795756475
"489";1,56676645462;14,4146720243;6,37263003182;1,69724004818;0;0,880489626688;10,5072396508;0,356481902257;0,642193247049;7,0888200333;4,87357207297;0,880489626688;1,08501667349;0;10,4557587312;7,24362148282;0;6,83263688757;9,59864807065;1,56676645462
"686";10,6046366194;3,52144026224;3,74939481829;1,56832402027;6,5040133159;12,8574153882;0;14,3094905647;1,20814264734;5,89026184466;9,75907758359;8,97407036702;6,64291091491;13,1188243031;4,54080843486;0,727005550311;17,436508226;1,56832402027;4,22421782101;9,33767318699
"115";10,1017787474;12,7661064734;4,31755009289;3,25137068323;3,04615924758;0,706022121542;7,69435092187;5,63259104057;2,43807989194;10,9755829004;8,07986340825;3,3881481986;0,395830569733;2,98993826429;4,04152336218;9,04479299125;8,50154662671;2,74023680049;11,1917193217;6,65911110109
"232";1,70336652801;14,2285932518;6,91408609701;4,12441085597;2,07850736692;0;8,12685931552;6,89467227412;7,86485470674;12,9185148171;2,07850736692;2,696060603;0,717824454488;1,19503256501;0,717824454488;6,14883041218;3,72794223093;3,01653197677;2,07850736692;1,38509966248
"776";3,54344639047;12,2348204243;4,53651299684;1,8737738337;0,530170648395;4,59070380806;10,015387174;3,3683632762;6,04101732442;11,3473390023;6,85287278161;4,5638658782;0,530170648395;9,89267789697;10,118707524;0,530170648395;14,9392532121;2,03878733051;11,6900547349;4,16008116807
"690";10,0831867696;4,3912590583;3,89098164559;0;8,14903067403;7,98801430264;0,82260779406;1,34329410786;0;2,83776163248;3,6472684531;3,6472684531;13,6585573846;2,48846359339;12,5463591362;2,27596058028;3,35384550306;11,1465368559;2,83776163248;5,02299802212
"93";4,13864247525;4,53305869045;7,07362746128;4,13864247525;7,99410447976;1,75420339568;7,88728155167;3,02153302797;5,85703547136;9,70265581205;5,36974913206;4,20203368319;1,75420339568;6,32398067112;10,714073758;1,75420339568;12,3542411159;2,70884937711;8,93174805251;3,68561502902
"134";2,25939302049;8,52275021177;8,8805875793;15,3898900924;4,9682290229;0,961252884058;0,961252884058;6,35417178954;1,17798155631;7,32274839444;6,02410465976;0,706022121542;1,94144440298;6,10572416697;4,09579786225;0,961252884058;1,81774603484;0;7,3867333616;1,81774603484
"153";2,59158368084;5,46970041918;2,03347586268;1,11116488908;5,04871572531;4,47705556558;3,78264969293;3,65558080965;2,49589978571;10,5331447595;6,02675580422;2,39344365919;0,471655707398;10,156196869;6,54580933039;3,12675815352;14,8399664745;4,83077250822;11,3223788667;2,84555026652
"89";12,3567023018;3,19569405553;0;0,626766188378;9,0540344528;6,99757468572;0;0;0;1,66748343618;2,91259238586;0,626766188378;14,1632015156;1,89557407067;12,3204790368;1,39637872698;2,42037460355;10,3657319001;3,86825215317;0
"576";12,259346056;5,11048852987;0,7075247909;0,7075247909;8,87659061422;7,33781811301;0;0;0;0;2,87373446797;3,66786942332;11,6306630154;4,25091610974;13,6751631559;0;0,7075247909;10,2926207252;4,68288225269;2,05824721685
"616";13,5493755737;6,32205071875;0;0;6,5124402404;6,61567377228;0;0;1,70367659925;0;2,60383401878;2,84953896433;12,1933035799;1,9342145325;10,5517082616;0;1,70367659925;8,56214700473;1,70367659925;2,46328240526
"213";3,97461190716;11,478971805;11,1427899415;3,85740380166;2,34741054032;2,7494913616;6,99732628392;13,2901484762;10,145766602;11,438308448;4,71987887751;3,93659082982;8,5259670555;7,0383044788;4,47660850858;0,862193478476;2,83465054611;3,93659082982;6,29817623707;0,494569216599
"530";13,8170136124;3,2362170641;1,42470714556;0,418891556007;10,4371694679;6,60027421434;1,00776959415;0;0;1,23124806596;3,85570073083;0,418891556007;5,26299307804;13,0506122271;12,4065318871;0;1,42470714556;11,4737006768;1,23124806596;3,85570073083
"245";5,7111672345;3,50292884218;2,96212327716;1,47092725748;5,07818283761;8,10829444358;0;0,669661774498;1,12518820132;3,80680865553;10,1235911921;4,70616582673;12,000658502;8,52626447644;3,21246039336;0;13,47045552;0;6,00453285253;10,8725902397
"9";1,55404850725;5,85070442691;4,82710257914;1,41131776834;3,17346327682;1,41131776834;0,352306552906;0;0;2,28475100953;6,67197266075;2,11086432413;6,12107758475;5,52637873239;10,8489593214;0;7,3666631746;0;9,13796197791;4,20378062425
"151";4,0436069801;8,25633136547;2,20244906713;0,443924857934;7,6113051916;5,35714024996;0;1,05713830439;0;5,01534591288;9,08721087802;2,67892825109;3,97915649605;9,45099469134;4,0747794265;0;9,27341797856;0;3,72777890018;6,9691044307
"692";12,0434784826;8,97953666226;8,42377983839;0;6,33965050533;7,92607060241;0,881273061429;4,3480694977;2,4569638122;4,08727612746;9,51040616901;3,23571174452;7,33824611718;13,5241988751;10,9534980632;0;8,08063634677;0;9,94439435501;11,7441653012
"656";2,49226340457;13,4116301484;7,47679479916;8,11344005387;0;1,99066447746;7,66709024753;5,78651795242;0,41196851036;9,65408641097;4,01806438936;2,86372044432;0,731965213669;4,70684546883;6,22293204292;0;3,65149950312;0;11,6763890713;3,15887018286
"130";1,6117389575;7,1093605594;1,6117389575;1,6117389575;4,28583126435;5,03874783053;0;6,62953585288;5,03874783053;6,03936653932;10,6936960286;6,05432321261;0,425136998838;4,70138825568;5,99354303702;7,80356932586;9,63238819271;0;5,19537909787;7,79913264869
"56";6,22332214475;2,08171457035;10,1284197179;13,7167873154;8,83767523387;4,798817812;0,404140166264;6,95254324518;0,7194901312;0;9,17922737994;1,38769339625;5,87952443792;10,2827988587;1,19736218415;0,978122394572;12,2492438465;0,7194901312;10,057978189;3,23359667014
"615";1,98564614972;13,0761258106;6,69400261139;0,62124309774;0;0;10,5262351284;3,04725917548;8,23139400571;8,00375962936;8,03961548377;5,43471495352;0;0,62124309774;13,4794013553;0;1,65672517002;5,41664723465;8,17876940838;0,343805752252
"81";2,25407999891;6,95721814917;6,47843959178;5,63586755077;9,347670085;2,63700735519;7,46796414157;0,659924558402;1,11109810228;4,64799942559;7,31870548501;0,659924558402;0;0,367371065649;11,1741392243;9,73997970482;7,14334239445;5,99197527424;5,13843359824;2,25407999891
"674";6,50864415327;12,0909857138;5,45558038901;4,32617778005;2,74796736893;0,562181356472;3,97917479206;4,71441588302;3,02628661638;5,40780139896;6,02954122938;6,081220307;2,52724553073;6,75765002109;10,7318111607;2,52724553073;11,4886736626;5,80205100881;8,01022037272;8,68217998575
"72";3,93033995043;12,1808104928;6,12934690631;3,43215768731;10,1730024718;0,531269159883;12,9704348825;2,85449441815;5,40605360486;11,0766018486;5,96428310107;3,70264646274;0,918691534424;8,1971380432;9,0397772198;0,531269159883;10,7443209002;5,04670931635;7,68497999402;2,85449441815
"320";12,6051507536;1,39253724528;0;0;8,69999574367;7,67074829544;0;0;0;0,858140180281;2,08770044204;0,858140180281;14,1792871046;0,858140180281;13,4985376026;1,14990966753;3,67624483777;11,185693134;1,94275845266;0
"601";5,25369434559;11,7268354735;5,08450653274;6,35363911081;1,42690879104;0,883151570862;6,17409477041;8,3176206363;1,93153178359;10,2968932704;3,43975609871;2,66623394627;7,67590764889;4,85120933506;0,883151570862;0;1,08800587129;3,05621934063;2,95512678126;9,65960172783
"355";11,2550521817;5,19257294139;0;0;10,0891193979;11,2303927736;0;0,536251878937;1,23309043175;3,03632749182;10,3611432725;12,803007008;5,34418226346;11,0399197518;0,9263790252;14,347213027;12,63211823;2,46008724012;11,9142430982;11,3957376193
"377";10,1519298297;4,02675580422;0,723340120251;0,723340120251;7,24522943029;8,70170498932;0,406536670205;0;0,723340120251;0,983020945724;3,47133055199;1,97441917889;10,1121657988;5,64828135536;12,7811732167;0,983020945724;1,71307989892;9,19385796747;2,84496807728;3,96794324853
"172";10,0161954299;4,27335176821;1,71905198164;1,33811059627;2,97759132882;7,89399313051;1,33811059627;0;0;9,38378635962;3,95581494356;6,05984411196;8,57846326976;8,95454821525;4,09132747769;7,77824800812;9,91477976366;2,83037703121;10,7787753038;8,85331579407
"202";5,38773474785;0,730400845399;0,410992287221;0;11,3779154347;6,88663549694;0;0;0;0,730400845399;0,991825658698;1,40484863868;12,8753442804;2,98568257727;14,9045029142;0,410992287221;2,64917856095;9,99719359726;1,72552304553;0
"633";2,71659588199;8,32848644475;8,15129058685;5,10597553604;2,32915230635;1,16253231824;4,97006676615;1,92090302922;8,66308127787;10,0043468898;6,16176073575;6,37590305164;2,03428615771;3,4057609655;11,552529816;2,96563654513;4,9982902954;5,23017610864;6,10448553491;1,34942189717
"62";2,6182386556;10,7047941713;9,34622339205;0,53306492187;0,291014101417;7,12930362673;0,53306492187;0,74019361702;0;4,98259207325;7,66708314927;4,32160345198;3,4668098107;7,06574462513;1,08229383595;0;2,12171170637;5,10004834031;2,32843438331;4,67707971117
"653";11,4310848989;0,494159563713;0,494159563713;0,494159563713;9,72621304942;13,6522175779;8,53724558431;0,494159563713;6,28920554615;0;12,3682199675;11,7061851706;2,91377982078;10,4940355248;0;9,83345306155;9,83345306155;1,78701447377;10,1004126707;12,6988066588
"317";12,3040403871;2,88791513564;0;0;7,65227853681;5,71817528312;0;0;0,512783120917;0,890329949315;2,50964517572;1,18928690658;10,9818098512;0,890329949315;13,876622459;0,890329949315;2,39725534559;11,3176556806;1,18928690658;2,39725534559
"443";4,64357916573;7,78970317205;6,01852735663;1,28670375634;1,28670375634;0,970706433049;0;0,565499693166;10,359771519;9,12331700495;9,97498811199;0;10,4949655571;5,86067979138;8,84030271568;1,28670375634;12,3150533039;0;7,88357805284;0,970706433049
"73";3,31762244506;11,9842724729;7,13152775199;2,59055411642;7,9864166241;0,44233312333;4,29705198355;3,15279996234;6,42689705337;7,64744403541;8,2021532163;5,65865707814;3,7224113759;11,2875623315;7,69067549472;0;14,6558716794;3,20985882293;11,7533755539;6,46255134998
"404";10,3413075461;6,74652775712;7,06486130065;3,06739778871;9,39837174928;10,8372494717;0;8,87175125985;4,25707098075;0,417487998514;11,4520713199;14,2697111211;10,5747448841;12,0567731731;5,11090607301;0,417487998514;10,0988742867;0,740798068041;13,4050882654;11,2579711676
"196";3,46107011403;12,9076305384;7,04131965404;0,638120188084;7,37683733393;3,04112029887;5,94559131734;0,638120188084;8,83117104443;11,0367574424;7,14134082109;4,23266075679;1,91888231411;6,11725659954;10,0484732507;0,638120188084;9,32473186137;2,29095514251;10,2384763946;0,638120188084
"139";12,5622710488;4,19517433851;2,20932858661;0;5,07132505865;7,18569808894;0;0;0;1,59153581041;5,13884722727;1,1428708451;11,4142359751;0;9,29846357891;0,48820648808;1,59153581041;9,97820993298;0;4,7855871679
"793";2,3075451019;12,8898138396;8,47788775921;4,43284585736;0,358621313832;1,82354557543;6,9212935015;3,83409428831;0,358621313832;4,55909406891;2,46328240526;3,65178648896;0;1,08997264354;13,1928075305;0,884793262544;0,884793262544;2,03699557713;6,77284898973;5,5630238632
"99";11,3544477527;11,8131919704;10,3549986393;12,4058089275;1,65241765693;6,39344022688;9,98564273459;16,0060126248;10,610748039;6,62256143286;5,38297152833;8,29939578552;8,53440016138;11,0143831914;3,17609932911;6,79260811612;3,61518085132;0,619084287543;10,1979906745;8,0996739252
"374";10,4951954726;8,4023683144;1,10259094959;4,27494743077;4,23153993069;10,4444248141;1,95181156676;5,49750698564;4,5110568303;1,10259094959;9,02456624709;13,0340578266;6,89011832789;10,7657833512;3,17506145917;1,44424299422;12,3645505466;0;14,0671402119;11,0024564065
"80";12,7719990272;4,8285858875;0;0;10,0840376819;9,16845400526;0;0;4,16762286855;2,01653197677;11,8818213656;15,1216265967;4,99532169771;13,2264302565;0;12,5737181845;9,58286267859;1,66712005981;12,2244841002;11,9527448867
"520";8,51064550409;11,9112271846;10,3081228372;9,41070149589;1,50553529205;4,13369503251;8,66570542721;17,5122466428;12,2835166981;7,47599276856;4,05606323202;6,18452627755;5,67583568625;11,1835485442;6,03067154984;4,37659600669;7,02469644009;0,54577072611;9,46709195705;3,58926013347
"197";4,91973574427;5,29746657376;1,62788694589;5,41993658906;1,92124588859;2,55532535899;4,35841032873;6,72150937542;9,27569385945;4,54223947417;5,7538638943;5,16362753859;0;1,92124588859;9,24950459883;0;9,15567334836;0;12,1558839175;0
"719";11,5364123632;4,86592870955;0;0;4,83463032231;8,30272573418;0;0;0;1,52471565067;4,25909920255;2,58647653578;10,2083563054;0,701149793234;11,1345418339;2,58647653578;2,42774024602;5,96177842356;0,701149793234;0
"300";4,96332614766;11,0428494998;10,2754610785;11,874224464;1,28563894939;6,03007117736;12,3868163342;13,1549446557;10,1812268128;9,50327717114;4,51907636281;4,74862223909;5,93154596616;12,5058214761;2,96904915749;5,28929962479;7,03093192786;2,5041881547;7,89203880989;3,97626280854
"477";4,00034259939;4,4921993016;7,29956521294;10,9501840581;1,80760222001;0;8,39696433988;6,51605613208;4,45977913513;3,39264714396;9,76854495346;6,78825503005;8,01995205181;2,58527505079;4,24826916392;4,52390690711;12,7362349039;5,24828055087;7,83641019472;5,95455228637
"630";4,65974763479;3,74380576124;5,61580469909;3,62802697939;4,5684760362;1,61640475086;0;0;3,28998197247;4,92799597919;9,05245665197;2,74023680049;7,63164271816;10,1780921405;7,45604222525;3,21171311689;9,57824058766;0,600745497962;7,81158020471;6,61629005438
"544";10,9159615175;6,58480620029;0,762051102827;0,430713467695;7,83421187886;6,51516680986;0;1,6265325876;1,45401792523;2,63672901279;9,6777619178;12,4214573815;10,1044152929;13,6313134958;7,57200286588;0;6,82511143225;0;11,5257459068;8,12956122416
"373";10,0623025341;12,0548654309;10,7003790266;5,99627348895;4,00897982236;4,57853421887;8,1960118962;15,908864028;13,3132089993;5,60688633928;4,89425512378;4,91769430009;6,47838457982;9,86994849752;3,13643750298;4,94075874489;7,4742251075;1,78052008304;6,4940603334;5,45496876265
"109";3,86694753058;6,647336098;5,24711102077;0;6,92006696801;10,0404952185;0;5,56864627503;0;0,706729455033;11,6980230885;2,43956994966;3,55408535535;8,07830561222;4,04323075078;0;5,83141619404;0,396269112191;11,3168132507;10,5422580498
"401";12,0335090376;0,895457741493;0;0;9,65851141787;7,58472203151;6,16640213084;0;2,55449062229;0;11,6046088232;13,8683692304;5,42168784966;7,70260213929;0,363675721807;2,15085208512;6,71148114041;2,92504996473;7,69063359529;11,4168977846
"470";9,31115794921;7,71720344313;7,12837589494;0;8,35426260751;7,07937811112;4,38997973789;0,510759421552;0,510759421552;3,03945427794;3,18132522079;1,43253187874;11,5438583289;0;12,142008108;1,43253187874;1,43253187874;10,3244281018;3,53856299466;5,26240308864
"415";12,694553774;1,72578477474;2,80731370161;0;10,7280650571;10,7648798821;0,547449829144;0;1,25374728451;2,08086228643;9,71511430803;13,8557444843;3,21837821064;13,3551308208;0,943358762678;12,4775280846;13,3250243102;0,943358762678;12,1975146637;12,410252583
"175";2,67360164883;6,32675843802;10,0881521999;2,40713517469;3,83503474444;0,442226945222;7,89535109817;5,83172779699;6,08139289232;10,9639147838;7,36872470446;4,24290732212;4,76466462377;7,52017077649;10,295057167;0;6,689634632;0,442226945222;4,85683633474;2,75251311751
"565";4,91375589021;3,37182368087;3,5430998922;0;4,46571984879;6,15917302447;0;4,09541812238;0,521050736901;2,91161489173;8,80644006644;1,93632698999;3,27789550567;13,453193455;4,76013044246;0,724650271733;8,61084767809;0;10,5837503532;7,31192991743
"435";7,3010662947;7,39360496864;2,70345512659;0,660289751428;7,46643135438;7,42805024266;0;4,33289407583;2,63770297633;1,96417680425;8,82374299247;4,20253526391;7,99716818778;10,2208619667;2,16423921155;2,33990699712;4,15632380041;0;8,78440582817;12,5708020664
"558";5,09226241781;9,70580169972;9,84356936132;6,3336205165;2,19528459716;6,38086448708;8,76207635764;14,6801781862;12,0930312534;6,65517148046;5,98183895675;8,65404522598;8,40066600407;11,0374851817;1,6948356301;7,48098402814;7,32464861509;1,48021341163;11,3865954226;8,29364177336
"342";6,79784306707;13,8390265903;6,67166136;6,27826916816;1,35219353775;1,02524146113;6,89516930162;6,83756486316;0;7,22468667107;3,80134493181;5,09300655235;2,03773362745;5,73564943645;7,08314953077;0;5,57259867537;4,931077868;8,64616985909;6,02660532663
"556";10,9360489637;2,65429804747;0;0;9,236698293;7,60924523728;0;0;0;1,41802798993;3,72934611256;1,5611550316;8,93620212039;1,5611550316;13,8192510463;0;0,63913953138;9,96963114714;1,41802798993;1,08052123183
"5";1,58009723295;6,27555279866;4,90668860416;7,15262962804;1,43594856486;1,43594856486;6,96512626568;1,09565441671;4,08059797615;11,0270144009;7,45802102274;4,34557379156;0,360982241369;6,83467329754;7,01354042228;0,360982241369;4,26253839416;5,23539008534;7,79363582035;3,95400083524
"599";5,57593248363;4,45821136965;7,89207525002;12,5884897825;5,871094514;1,23486915171;6,82466603621;6,55034970107;2,33939396794;4,64541922419;5,12270998658;6,04383879349;1,01092302718;0,745710621988;3,72057397947;0;13,1146142902;2,75552855751;8,1799190396;7,65105169118
"290";13,1620057403;6,3252838651;0;4,80114830674;7,06550768871;8,23379221469;0;0;1,2945472339;0,446997240676;2,8429989389;1,66875453322;11,4501544661;7,30636250442;13,384230629;0,446997240676;2,98214481511;11,1969278794;4,94418846757;2,60535209598
"631";4,75775401266;13,9273242713;7,58604411645;3,32460901518;1,46131900249;1,00151403506;12,3647174167;3,36023784203;1,17159115323;11,2406363235;6,26503550814;0,322505057519;0,808673354903;3,70318931451;13,1194842515;0,322505057519;5,89774624841;5,51070879268;4,41223279049;0,808673354903
"496";2,4194040539;10,8816722659;7,64308414139;6,74639339169;4,32047023655;7,95727039454;9,88394302862;5,38293003999;15,219232817;11,7218810064;8,56761389372;4,62788694589;0,480678738755;5,02826413847;7,6908011857;0,840604223354;11,4268308176;6,40646183968;8,14228068095;3,96627356384
"220";4,11458357955;11,3293759113;7,43752738134;6,69677283618;3,80344404444;0,565694651956;7,01323891511;6,23672029366;4,11458357955;4,69844075618;6,54928103232;1,28699939663;0;6,90759974635;8,51134943333;0,565694651956;5,65672231025;6,28192631882;10,709144139;10,3744418059
"732";6,6502978476;11,4682065478;8,14699626613;6,07249815674;1,91165323731;3,10378296129;5,94891616898;13,3190934594;12,2373145434;4,13541994865;5,66459092467;6,53684243532;10,1580668399;9,24310732276;4,39421229133;2,5445595716;0,757535355029;4,29619307261;6,6303224652;6,14468679058
"445";10,7856077641;2,64159226857;0;0;9,9133666636;9,04578968878;0;0;1,85602955021;5,48117298443;10,8620638847;12,27076544;0;12,1956674836;1,45769934502;11,6435180185;13,1733148557;0,905658970272;11,0726953666;11,8443056141
"253";10,7108408652;6,54113224657;0;0;9,518755429;12,4634145322;0;0;3,3123166544;3,60488972602;9,46277626661;10,3094877226;0,639973004162;13,2482537439;0,639973004162;16,1378416958;14,0668628166;1,41953889151;11,6036773391;11,6313635206
"44";13,4509663482;0,864017717205;0;0;8,95159362265;7,75397885253;0;0;0,495695162624;0;2,66234224152;2,22971096185;14,323512217;2,56574338754;13,5658280046;0;0,864017717205;10,9595383411;0,495695162624;0,495695162624
"782";12,3817132743;2,70267970443;0,545177634615;0,939903563865;9,83144501381;7,10679846327;0;0;0;1,72067247077;2,80101375835;1,24944534109;12,4378326821;1,90885132787;14,1078627431;0;2,35968983107;10,1357862278;3,58738899565;1,72067247077
"180";12,734121077;3,71309089972;0;0,868686765322;7,89016089791;5,11229562108;0;0;0;2,0102785673;2,35895882583;1,67924361889;9,896471671;0,868686765322;12,4251162227;0;2,35895882583;10,524727794;2,57431953117;1,90815960896
"266";2,67418944279;11,8626722236;9,48444228668;14,8697287763;1,62914675827;2,37478911073;9,06364045341;12,786167508;13,1411795404;5,09566285508;4,65663937447;3,85368632255;2,80341304529;3,94055204428;1,76226376111;7,98011100914;4,6904506202;3,03157164036;5,69591867079;3,76126399452
"766";13,2358362366;1,35681991508;0,39198762622;0,953600493935;9,07073278582;8,39108889157;0,39198762622;0,699995743667;0;2,42527130173;2,85692594962;1,92982886323;13,4377390703;0,953600493935;14,2457680843;0;2,79335490051;9,71687260776;3,99884538206;0,953600493935
"794";0,448055167717;15,0618858669;6,96787179609;7,03750302728;1,2967216937;0,789353663651;5,86230508104;4,66670547186;11,0124988388;6,00820225527;3,48498879969;3,05020564033;0,448055167717;6,98040238131;10,6637982369;0,448055167717;3,92623668441;4,94774095434;3,61930735778;5,43440471768
"617";3,23535944739;8,70857007339;1,89351753969;0,346531462028;3,83847784798;0,625831558234;0,346531462028;0;0,625831558234;1,66552921116;10,1254263862;0,85965156386;0;10,7059779017;7,2681536426;0,625831558234;7,88190317281;0,346531462028;8,0524376318;0,625831558234
"564";5,98756417512;6,12631006509;4,57401065542;0,485735942989;4,89837283552;5,67357338347;0;4,77723558589;0;7,51054265421;10,1877850642;6,0586043997;7,23190275911;9,90052722159;5,99663730971;0;10,7781017767;0;10,2050112214;11,5342104614
"779";8,82256127137;9,32955418726;2,66188638489;4,65962206294;8,68612930061;11,3551914;5,56014020723;13,1617334055;5,68160668253;3,38861663292;10,2569398776;14,7913460634;12,3403285955;15,2014003048;1,12703891221;0,670930954583;12,9229467033;0,670930954583;14,5823831165;13,473908646
"490";4,72141094125;2,06094662545;7,75979499576;7,0131607363;3,10671681971;1,37088963145;8,22201720743;3,77509269412;5,90713583292;5,62127240717;8,27025327159;7,02726465624;1,18205660901;0,708849377105;9,15120939288;2,06094662545;6,5971169582;4,27805911111;7,33851355532;8,87135700177
"26";7,85806183353;4,87353762319;5,85532698144;1,04159344866;4,83392736914;5,79472256891;2,06191441325;2,06191441325;1,04159344866;4,60208862906;10,2658728568;4,6177216364;8,29968425814;8,3496925788;7,96583045016;0,338681124625;13,1872809265;0,612777105285;12,2156027667;9,27291899477
"193";6,02679342116;4,45641848783;7,40913632043;4,56909001755;7,12571308597;11,5419822937;0;12,6118501443;2,76464339472;3,49237878274;9,81059251993;14,6688019028;10,4489319152;12,9452371475;3,80003013908;3,49237878274;17,3397630322;0;15,7500788627;12,2796163843
"668";10,3483408758;3,84802696239;0,435735258873;0;3,84802696239;8,68712719303;0;0,435735258873;0,770025563554;1,04117287873;3,69930731311;1,26939227894;11,8975278467;3,73794629339;11,9878502099;0,435735258873;2,80630343258;9,95919924591;3,84802696239;2,17836408185
"282";3,74231886874;7,77614347736;8,74498852378;4,12092419322;4,30316701571;2,11992052731;0,416515504347;1,00288250853;10,8810145138;5,88015408859;8,40094345979;0;10,5825748193;7,99065426762;11,934052021;0,416515504347;9,19806436531;2,66784672105;10,5919897676;5,24084474666
"111";12,3934896728;11,681734747;9,71541808949;12,6613884284;3,93411071603;2,97788435479;11,8005521232;14,2968803684;9,66834963446;7,30508588797;6,02283827685;4,75092266264;3,7759354883;6,73903797912;2,97788435479;5,34633643256;2,52654462219;1,04138317902;6,84907351667;4,91171554671
"137";5,08798890469;7,74747467845;2,97775616325;1,907275263;6,61432556498;7,67649309384;0;0;1,24823120675;0,755143958486;8,24608975468;2,53960551202;6,82151889731;7,85423881957;10,3042486351;1,61508666218;18,0642217396;0;4,9342145325;7,36958862247
"780";6,44720392802;4,51915186628;4,26865147021;4,51915186628;5,17343529287;14,3213996674;0;3,17646639663;0,791605724705;2,92198847113;9,84984917936;12,8384357738;3,82353538543;10,5677754896;6,71150867276;2,21878116778;17,0501887676;1,29983076182;12,5094484315;8,81088969947
"78";4,27276226891;0;0;0;3,72465027173;7,08129701414;1,01314063249;0;0;0;3,72465027173;1,01314063249;6,31127422496;4,93223129045;7,87784238913;2,01970191444;2,34292447403;8,31614121576;2,01970191444;0
"46";2,05398016819;10,8987600827;5,84554023077;5,77061764666;0,313245851788;2,13586316537;8,69254924952;4,95743640617;5,60079306378;10,9374547442;4,48154436485;4,29809373601;0,313245851788;2,91597973674;7,19951530826;0;7,26921085339;0;5,75126285678;3,51442528901
"778";13,2155951835;0,945532794952;1,51187280747;0;8,93082306894;5,8680545589;1,51187280747;0;0;0,548929769476;3,14896663392;1,72892182729;13,5725462866;6,33321260963;12,5497365452;1,72892182729;4,25211284539;11,1910592145;2,49300679095;1,91750813696
"784";5,32224545289;12,739715223;7,24715850393;12,2365942636;1,1884009246;3,56940602488;7,43481168008;16,4392546387;9,39605242721;3,7855296278;5,85585269455;6,30410212292;4,13969049925;8,66461083405;1,54522706822;3,31510245308;1,1884009246;0;7,58651706845;4,80004567512
"148";2,1295797694;8,34615911016;8,61194325442;3,47607056075;2,1295797694;1,88779818723;2,42991049832;9,45010805905;9,76925271463;7,16451478205;8,69066851157;4,97189757431;0;4,95629367369;12,0398409498;1,42647946543;4,68053815696;6,16098874038;9,5881205726;7,68590511755
"47";9,38234734841;9,95573271846;7,41330635412;4,28798196521;0;0;9,32989049706;16,4609325776;14,3380190344;5,25057129599;5,31596466981;7,22186741669;5,57828965616;6,46562517252;0,912726500049;4,5276521519;2,17967027935;3,16083953437;4,63404140756;0
"173";2,05866283938;10,3476435126;6,52392258474;8,34658907933;0,337768170922;1,36904764346;8,96857176225;5,09774562164;0;9,55990473933;8,68484327774;3,35532642723;0,841168043549;3,39205634005;7,66039529782;0,841168043549;9,9743428835;4,5336941566;8,66153228434;5,82449293093
"676";9,45447614917;7,631075172;6,93594292258;5,39363928747;8,58085775987;10,0309843288;0;11,6419252936;1,97500646094;8,59811206828;9,9834354393;8,59967113334;8,909590116;9,93364344943;7,66123654022;4,18342299319;16,8137561442;0,504671235386;13,729078994;9,18131130492
"217";9,56092316741;4,27553603805;0,81130661147;2,39979999911;4,1985491573;5,50886912705;2,09454011873;12,0982624219;0,588036971871;8,88111090087;8,62666910265;8,20886837067;1,4652953894;9,34180788924;8,32999809964;0,81130661147;11,1573785177;6,18900811825;12,6565142468;5,50886912705
"242";3,2752305883;5,80224492551;1,06018576505;1,06018576505;7,18856906569;10,9008743534;0;10,1676815704;1,89258531519;1,39385547734;7,39333897001;9,8303361464;2,41702884685;12,6396482096;7,53090568263;2,26249329373;12,7322904015;0;12,1161554888;9,09643054
"339";3,20450071945;9,76841923993;7,03854592485;9,29616828875;0;4,49653265465;10,0472329965;12,0405945318;7,00432160595;5,59261550077;6,83291532438;3,03403959435;1,01955959472;7,85885132439;8,80362744242;2,02924083909;4,0364417915;0;11,0974922877;7,79355129004
"785";1,34022042516;8,27460645026;6,16434180234;2,6102984703;4,75712995077;2,11073071961;7,67945194908;4,31420346019;11,9755040871;2,02282940159;8,33858486379;0,820403647862;2,19358252508;8,83924158747;3,88624772519;0,820403647862;10,1144581276;0,595121691996;9,80674132417;6,84705734609
"455";2,02495789864;5,60236482621;3,73111805809;2,91138479682;8,52746527678;1,54527650013;11,2240137368;10,1042973416;0,821710215035;10,9816457647;5,96340013772;3,60029354446;2,67179154848;5,90915865207;12,3569525899;8,47708633615;15,6114830615;3,35184030829;11,9495859984;7,81440942825
"711";2,89058288133;12,9834835374;5,158672292;2,00690836934;0,81130661147;0;9,28993818281;0;1,32745743429;5,44776100963;6,31284666061;3,15790066228;0;3,38334486978;5,80991600742;5,83874255596;9,76384973451;0;4,0086123789;11,145766602
"583";3,02665843816;10,8293976957;0;0,532865503106;0;0;9,36354344487;0;0;13,5327577003;6,98874148467;0,921207797125;2,56440255881;0,532865503106;11,9294285626;13,7199662968;1,69336428836;0,921207797125;8,52820403498;10,0528668832
"557";2,23633953917;5,75704725566;8,34782508088;2,94138805981;1,69028298906;0;8,77566953456;3,68685905538;4,23399539956;8,69785025502;6,4075244094;4,23399539956;1,0797023717;2,94138805981;6,56287127165;1,0797023717;3,98621067346;3,13669998119;3,36175432535;0,801075859167
"306";2,50652577904;13,3606825088;6,75079406444;1,74036634316;2,32581812232;2,41899946543;9,5954589038;4,41968719833;7,66782118057;13,0017635462;7,96293069899;5,58973952175;0,738897511425;6,01975305716;10,7443713611;0,41629930548;4,58963766507;2,94283350507;9,30636706174;3,84584127307
